{"cameraMode":{"drawMode":0,"name":"Shaded","section":"Shading Mode"},"sceneLighting":false,"audioPlay":false,"sceneViewState":{"m_AlwaysRefresh":false,"showFog":true,"showSkybox":false,"showFlares":true,"showImageEffects":true,"showParticleSystems":true,"showVisualEffectGraphs":true,"m_FxEnabled":true},"in2DMode":false,"pivot":{"x":0.0016142427921295167,"y":0.01384192705154419,"z":0.1749035120010376},"rotation":{"x":-0.14085255563259126,"y":-0.6401681900024414,"z":0.1212116926908493,"w":-0.7455404996871948},"size":0.3657195568084717,"orthographic":false}