{"cameraMode":{"drawMode":0,"name":"Shaded","section":"Shading Mode"},"sceneLighting":true,"audioPlay":false,"sceneViewState":{"showFog":true,"showMaterialUpdate":false,"showSkybox":true,"showFlares":true,"showImageEffects":true,"showParticleSystems":true},"in2DMode":false,"pivot":{"x":14.774433135986329,"y":-10.183697700500489,"z":4.598176956176758},"rotation":{"x":-0.21696460247039796,"y":-0.6459059119224548,"z":0.19904282689094544,"w":-0.704605758190155},"size":10.0,"orthographic":false}